Spectrum Name:,,,,,,,,,Channel,Energy,Counts,Gross,LN(count),Absorption-Thickness
Description:,,,,,,,,,0,,116,6821,,
Student ID:,,,,,,,,,1,,105,6102,,
Detector Used:,,,,,,,,,2,,116,5500,,
Comments:,,,,,,,,,3,,103,5019,,
Acquisition Mode:,MCS Internal,,,,,,,,4,,109,4566,,
High Voltage:,950,,,,,,,,5,,116,4110,,
Conversion Gain:,1024,,,,,,,,6,,118,,,
Coarse Gain:,1,,,,,,,,7,,117,,,
Fine Gain:,1,,,,,,,,8,,99,,,
Upper Discriminator:,1048,,,,,,,,9,,129,,,
Lower Discriminator:,103,,,,,,,,10,,123,,,
Calibration Coefficients:Elapsed Real Time:,0,,,,,,,,11,,128,,,
Elapsed Live Time:,0,,,,,,,,12,,99,,,
Start Time:,6-Dec,2022, 02:55:46,,,,,,13,,121,,,
End Time:,6-Dec,2022, 03:01:37,,,,,,14,,96,,,
ROIs:,,,,,,,,,15,,92,,,
ROI:,Low,High,Gross,Net,FWHM,Centroid,,,16,,117,,,
,,,,,,,,,17,,114,,,
,,,,,,,,,18,,112,,,
Channel Data:,,,,,,,,,19,,116,,,
,,,,,,,,,20,,113,,,
,,,,,,,,,21,,120,,,
,,,,,,,,,22,,102,,,
,,,,,,,,,23,,110,,,
,,,,,,,,,24,,102,,,
,,,,,,,,,25,,113,,,
,,,,,,,,,26,,117,,,
,,,,,,,,,27,,106,,,
,,,,,,,,,28,,116,,,
,,,,,,,,,29,,108,,,
,,,,,,,,,30,,100,,,
,,,,,,,,,31,,95,,,
,,,,,,,,,32,,116,,,
,,,,,,,,,33,,117,,,
,,,,,,,,,34,,102,,,
,,,,,,,,,35,,101,,,
,,,,,,,,,36,,108,,,
,,,,,,,,,37,,116,,,
,,,,,,,,,38,,117,,,
,,,,,,,,,39,,108,,,
,,,,,,,,,40,,104,,,
,,,,,,,,,41,,107,,,
,,,,,,,,,42,,120,,,
,,,,,,,,,43,,114,,,
,,,,,,,,,44,,102,,,
,,,,,,,,,45,,98,,,
,,,,,,,,,46,,122,,,
,,,,,,,,,47,,121,,,
,,,,,,,,,48,,108,,,
,,,,,,,,,49,,98,,,
,,,,,,,,,50,,109,,,
,,,,,,,,,51,,98,,,
,,,,,,,,,52,,125,,,
,,,,,,,,,53,,119,,,
,,,,,,,,,54,,107,,,
,,,,,,,,,55,,101,,,
,,,,,,,,,56,,106,,,
,,,,,,,,,57,,112,,,
,,,,,,,,,58,,114,,,
,,,,,,,,,59,,97,,,
,,,,,,,,,60,,104,,,
,,,,,,,,,61,,108,,,
,,,,,,,,,62,,107,,,
,,,,,,,,,63,,104,,,
,,,,,,,,,64,,92,,,
,,,,,,,,,65,,116,,,
,,,,,,,,,66,,106,,,
,,,,,,,,,67,,107,,,
,,,,,,,,,68,,111,,,
,,,,,,,,,69,,111,,,
,,,,,,,,,70,,113,,,
,,,,,,,,,71,,113,,,
,,,,,,,,,72,,112,,,
,,,,,,,,,73,,116,,,
,,,,,,,,,74,,96,,,
,,,,,,,,,75,,115,,,
,,,,,,,,,76,,124,,,
,,,,,,,,,77,,110,,,
,,,,,,,,,78,,114,,,
,,,,,,,,,79,,95,,,
,,,,,,,,,80,,108,,,
,,,,,,,,,81,,115,,,
,,,,,,,,,82,,107,,,
,,,,,,,,,83,,89,,,
,,,,,,,,,84,,121,,,
,,,,,,,,,85,,116,,,
,,,,,,,,,86,,113,,,
,,,,,,,,,87,,112,,,
,,,,,,,,,88,,108,,,
,,,,,,,,,89,,99,,,
,,,,,,,,,90,,94,,,
,,,,,,,,,91,,110,,,
,,,,,,,,,92,,98,,,
,,,,,,,,,93,,107,,,
,,,,,,,,,94,,121,,,
,,,,,,,,,95,,118,,,
,,,,,,,,,96,,116,,,
,,,,,,,,,97,,112,,,
,,,,,,,,,98,,109,,,
,,,,,,,,,99,,132,,,
,,,,,,,,,100,,112,,,
,,,,,,,,,101,,108,,,
,,,,,,,,,102,,118,,,
,,,,,,,,,103,,102,,,
,,,,,,,,,104,,99,,,
,,,,,,,,,105,,104,,,
,,,,,,,,,106,,96,,,
,,,,,,,,,107,,107,,,
,,,,,,,,,108,,100,,,
,,,,,,,,,109,,124,,,
,,,,,,,,,110,,94,,,
,,,,,,,,,111,,109,,,
,,,,,,,,,112,,117,,,
,,,,,,,,,113,,99,,,
,,,,,,,,,114,,88,,,
,,,,,,,,,115,,111,,,
,,,,,,,,,116,,93,,,
,,,,,,,,,117,,97,,,
,,,,,,,,,118,,110,,,
,,,,,,,,,119,,95,,,
,,,,,,,,,120,,107,,,
,,,,,,,,,121,,107,,,
,,,,,,,,,122,,111,,,
,,,,,,,,,123,,116,,,
,,,,,,,,,124,,118,,,
,,,,,,,,,125,,135,,,
,,,,,,,,,126,,113,,,
,,,,,,,,,127,,128,,,
,,,,,,,,,128,,126,,,
,,,,,,,,,129,,120,,,
,,,,,,,,,130,,134,,,
,,,,,,,,,131,,110,,,
,,,,,,,,,132,,117,,,
,,,,,,,,,133,,112,,,
,,,,,,,,,134,,110,,,
,,,,,,,,,135,,120,,,
,,,,,,,,,136,,110,,,
,,,,,,,,,137,,104,,,
,,,,,,,,,138,,113,,,
,,,,,,,,,139,,120,,,
,,,,,,,,,140,,100,,,
,,,,,,,,,141,,124,,,
,,,,,,,,,142,,91,,,
,,,,,,,,,143,,110,,,
,,,,,,,,,144,,96,,,
,,,,,,,,,145,,100,,,
,,,,,,,,,146,,102,,,
,,,,,,,,,147,,102,,,
,,,,,,,,,148,,103,,,
,,,,,,,,,149,,94,,,
,,,,,,,,,150,,104,,,
,,,,,,,,,151,,99,,,
,,,,,,,,,152,,110,,,
,,,,,,,,,153,,122,,,
,,,,,,,,,154,,110,,,
,,,,,,,,,155,,127,,,
,,,,,,,,,156,,101,,,
,,,,,,,,,157,,97,,,
,,,,,,,,,158,,99,,,
,,,,,,,,,159,,115,,,
,,,,,,,,,160,,114,,,
,,,,,,,,,161,,107,,,
,,,,,,,,,162,,111,,,
,,,,,,,,,163,,99,,,
,,,,,,,,,164,,119,,,
,,,,,,,,,165,,109,,,
,,,,,,,,,166,,112,,,
,,,,,,,,,167,,122,,,
,,,,,,,,,168,,104,,,
,,,,,,,,,169,,120,,,
,,,,,,,,,170,,98,,,
,,,,,,,,,171,,112,,,
,,,,,,,,,172,,111,,,
,,,,,,,,,173,,105,,,
,,,,,,,,,174,,95,,,
,,,,,,,,,175,,129,,,
,,,,,,,,,176,,130,,,
,,,,,,,,,177,,117,,,
,,,,,,,,,178,,98,,,
,,,,,,,,,179,,112,,,
,,,,,,,,,180,,107,,,
,,,,,,,,,181,,125,,,
,,,,,,,,,182,,86,,,
,,,,,,,,,183,,110,,,
,,,,,,,,,184,,115,,,
,,,,,,,,,185,,102,,,
,,,,,,,,,186,,94,,,
,,,,,,,,,187,,108,,,
,,,,,,,,,188,,138,,,
,,,,,,,,,189,,111,,,
,,,,,,,,,190,,117,,,
,,,,,,,,,191,,112,,,
,,,,,,,,,192,,100,,,
,,,,,,,,,193,,120,,,
,,,,,,,,,194,,87,,,
,,,,,,,,,195,,102,,,
,,,,,,,,,196,,106,,,
,,,,,,,,,197,,106,,,
,,,,,,,,,198,,112,,,
,,,,,,,,,199,,124,,,
,,,,,,,,,200,,119,,,
,,,,,,,,,201,,102,,,
,,,,,,,,,202,,116,,,
,,,,,,,,,203,,95,,,
,,,,,,,,,204,,111,,,
,,,,,,,,,205,,113,,,
,,,,,,,,,206,,104,,,
,,,,,,,,,207,,118,,,
,,,,,,,,,208,,110,,,
,,,,,,,,,209,,93,,,
,,,,,,,,,210,,94,,,
,,,,,,,,,211,,104,,,
,,,,,,,,,212,,114,,,
,,,,,,,,,213,,96,,,
,,,,,,,,,214,,110,,,
,,,,,,,,,215,,98,,,
,,,,,,,,,216,,106,,,
,,,,,,,,,217,,121,,,
,,,,,,,,,218,,90,,,
,,,,,,,,,219,,116,,,
,,,,,,,,,220,,101,,,
,,,,,,,,,221,,114,,,
,,,,,,,,,222,,108,,,
,,,,,,,,,223,,105,,,
,,,,,,,,,224,,118,,,
,,,,,,,,,225,,126,,,
,,,,,,,,,226,,107,,,
,,,,,,,,,227,,110,,,
,,,,,,,,,228,,102,,,
,,,,,,,,,229,,128,,,
,,,,,,,,,230,,116,,,
,,,,,,,,,231,,102,,,
,,,,,,,,,232,,108,,,
,,,,,,,,,233,,99,,,
,,,,,,,,,234,,99,,,
,,,,,,,,,235,,127,,,
,,,,,,,,,236,,102,,,
,,,,,,,,,237,,105,,,
,,,,,,,,,238,,97,,,
,,,,,,,,,239,,93,,,
,,,,,,,,,240,,98,,,
,,,,,,,,,241,,127,,,
,,,,,,,,,242,,101,,,
,,,,,,,,,243,,114,,,
,,,,,,,,,244,,121,,,
,,,,,,,,,245,,113,,,
,,,,,,,,,246,,113,,,
,,,,,,,,,247,,120,,,
,,,,,,,,,248,,115,,,
,,,,,,,,,249,,112,,,
,,,,,,,,,250,,128,,,
,,,,,,,,,251,,118,,,
,,,,,,,,,252,,115,,,
,,,,,,,,,253,,99,,,
,,,,,,,,,254,,118,,,
,,,,,,,,,255,,123,,,
,,,,,,,,,256,,125,,,
,,,,,,,,,257,,107,,,
,,,,,,,,,258,,106,,,
,,,,,,,,,259,,101,,,
,,,,,,,,,260,,113,,,
,,,,,,,,,261,,110,,,
,,,,,,,,,262,,89,,,
,,,,,,,,,263,,111,,,
,,,,,,,,,264,,99,,,
,,,,,,,,,265,,109,,,
,,,,,,,,,266,,113,,,
,,,,,,,,,267,,93,,,
,,,,,,,,,268,,108,,,
,,,,,,,,,269,,134,,,
,,,,,,,,,270,,107,,,
,,,,,,,,,271,,122,,,
,,,,,,,,,272,,110,,,
,,,,,,,,,273,,102,,,
,,,,,,,,,274,,113,,,
,,,,,,,,,275,,101,,,
,,,,,,,,,276,,111,,,
,,,,,,,,,277,,104,,,
,,,,,,,,,278,,103,,,
,,,,,,,,,279,,99,,,
,,,,,,,,,280,,105,,,
,,,,,,,,,281,,116,,,
,,,,,,,,,282,,110,,,
,,,,,,,,,283,,100,,,
,,,,,,,,,284,,108,,,
,,,,,,,,,285,,103,,,
,,,,,,,,,286,,110,,,
,,,,,,,,,287,,121,,,
,,,,,,,,,288,,115,,,
,,,,,,,,,289,,94,,,
,,,,,,,,,290,,116,,,
,,,,,,,,,291,,106,,,
,,,,,,,,,292,,105,,,
,,,,,,,,,293,,107,,,
,,,,,,,,,294,,124,,,
,,,,,,,,,295,,114,,,
,,,,,,,,,296,,112,,,
,,,,,,,,,297,,122,,,
,,,,,,,,,298,,112,,,
,,,,,,,,,299,,99,,,
,,,,,,,,,300,,128,,,
,,,,,,,,,301,,82,,,
,,,,,,,,,302,,119,,,
,,,,,,,,,303,,117,,,
,,,,,,,,,304,,94,,,
,,,,,,,,,305,,101,,,
,,,,,,,,,306,,115,,,
,,,,,,,,,307,,133,,,
,,,,,,,,,308,,132,,,
,,,,,,,,,309,,109,,,
,,,,,,,,,310,,102,,,
,,,,,,,,,311,,118,,,
,,,,,,,,,312,,113,,,
,,,,,,,,,313,,129,,,
,,,,,,,,,314,,123,,,
,,,,,,,,,315,,99,,,
,,,,,,,,,316,,99,,,
,,,,,,,,,317,,120,,,
,,,,,,,,,318,,93,,,
,,,,,,,,,319,,126,,,
,,,,,,,,,320,,102,,,
,,,,,,,,,321,,109,,,
,,,,,,,,,322,,117,,,
,,,,,,,,,323,,123,,,
,,,,,,,,,324,,95,,,
,,,,,,,,,325,,130,,,
,,,,,,,,,326,,106,,,
,,,,,,,,,327,,106,,,
,,,,,,,,,328,,87,,,
,,,,,,,,,329,,96,,,
,,,,,,,,,330,,123,,,
,,,,,,,,,331,,108,,,
,,,,,,,,,332,,114,,,
,,,,,,,,,333,,91,,,
,,,,,,,,,334,,102,,,
,,,,,,,,,335,,114,,,
,,,,,,,,,336,,97,,,
,,,,,,,,,337,,110,,,
,,,,,,,,,338,,112,,,
,,,,,,,,,339,,108,,,
,,,,,,,,,340,,102,,,
,,,,,,,,,341,,91,,,
,,,,,,,,,342,,111,,,
,,,,,,,,,343,,113,,,
,,,,,,,,,344,,97,,,
,,,,,,,,,345,,128,,,
,,,,,,,,,346,,108,,,
,,,,,,,,,347,,107,,,
,,,,,,,,,348,,114,,,
,,,,,,,,,349,,111,,,
,,,,,,,,,350,,121,,,
,,,,,,,,,351,,107,,,
,,,,,,,,,352,,112,,,
,,,,,,,,,353,,100,,,
,,,,,,,,,354,,115,,,
,,,,,,,,,355,,109,,,
,,,,,,,,,356,,114,,,
,,,,,,,,,357,,111,,,
,,,,,,,,,358,,102,,,
,,,,,,,,,359,,125,,,
,,,,,,,,,360,,110,,,
,,,,,,,,,361,,119,,,
,,,,,,,,,362,,117,,,
,,,,,,,,,363,,106,,,
,,,,,,,,,364,,96,,,
,,,,,,,,,365,,113,,,
,,,,,,,,,366,,97,,,
,,,,,,,,,367,,113,,,
,,,,,,,,,368,,108,,,
,,,,,,,,,369,,112,,,
,,,,,,,,,370,,114,,,
,,,,,,,,,371,,109,,,
,,,,,,,,,372,,115,,,
,,,,,,,,,373,,110,,,
,,,,,,,,,374,,104,,,
,,,,,,,,,375,,121,,,
,,,,,,,,,376,,108,,,
,,,,,,,,,377,,108,,,
,,,,,,,,,378,,109,,,
,,,,,,,,,379,,115,,,
,,,,,,,,,380,,123,,,
,,,,,,,,,381,,90,,,
,,,,,,,,,382,,109,,,
,,,,,,,,,383,,127,,,
,,,,,,,,,384,,112,,,
,,,,,,,,,385,,111,,,
,,,,,,,,,386,,110,,,
,,,,,,,,,387,,127,,,
,,,,,,,,,388,,117,,,
,,,,,,,,,389,,122,,,
,,,,,,,,,390,,101,,,
,,,,,,,,,391,,111,,,
,,,,,,,,,392,,95,,,
,,,,,,,,,393,,121,,,
,,,,,,,,,394,,112,,,
,,,,,,,,,395,,106,,,
,,,,,,,,,396,,117,,,
,,,,,,,,,397,,127,,,
,,,,,,,,,398,,114,,,
,,,,,,,,,399,,119,,,
,,,,,,,,,400,,88,,,
,,,,,,,,,401,,108,,,
,,,,,,,,,402,,96,,,
,,,,,,,,,403,,97,,,
,,,,,,,,,404,,111,,,
,,,,,,,,,405,,100,,,
,,,,,,,,,406,,111,,,
,,,,,,,,,407,,101,,,
,,,,,,,,,408,,106,,,
,,,,,,,,,409,,133,,,
,,,,,,,,,410,,105,,,
,,,,,,,,,411,,108,,,
,,,,,,,,,412,,113,,,
,,,,,,,,,413,,91,,,
,,,,,,,,,414,,117,,,
,,,,,,,,,415,,95,,,
,,,,,,,,,416,,105,,,
,,,,,,,,,417,,116,,,
,,,,,,,,,418,,114,,,
,,,,,,,,,419,,91,,,
,,,,,,,,,420,,112,,,
,,,,,,,,,421,,112,,,
,,,,,,,,,422,,121,,,
,,,,,,,,,423,,129,,,
,,,,,,,,,424,,91,,,
,,,,,,,,,425,,116,,,
,,,,,,,,,426,,116,,,
,,,,,,,,,427,,120,,,
,,,,,,,,,428,,89,,,
,,,,,,,,,429,,121,,,
,,,,,,,,,430,,110,,,
,,,,,,,,,431,,93,,,
,,,,,,,,,432,,121,,,
,,,,,,,,,433,,96,,,
,,,,,,,,,434,,106,,,
,,,,,,,,,435,,96,,,
,,,,,,,,,436,,108,,,
,,,,,,,,,437,,104,,,
,,,,,,,,,438,,101,,,
,,,,,,,,,439,,129,,,
,,,,,,,,,440,,110,,,
,,,,,,,,,441,,125,,,
,,,,,,,,,442,,99,,,
,,,,,,,,,443,,95,,,
,,,,,,,,,444,,85,,,
,,,,,,,,,445,,100,,,
,,,,,,,,,446,,90,,,
,,,,,,,,,447,,112,,,
,,,,,,,,,448,,108,,,
,,,,,,,,,449,,122,,,
,,,,,,,,,450,,114,,,
,,,,,,,,,451,,103,,,
,,,,,,,,,452,,100,,,
,,,,,,,,,453,,101,,,
,,,,,,,,,454,,112,,,
,,,,,,,,,455,,109,,,
,,,,,,,,,456,,129,,,
,,,,,,,,,457,,101,,,
,,,,,,,,,458,,139,,,
,,,,,,,,,459,,118,,,
,,,,,,,,,460,,116,,,
,,,,,,,,,461,,120,,,
,,,,,,,,,462,,120,,,
,,,,,,,,,463,,105,,,
,,,,,,,,,464,,115,,,
,,,,,,,,,465,,112,,,
,,,,,,,,,466,,123,,,
,,,,,,,,,467,,105,,,
,,,,,,,,,468,,100,,,
,,,,,,,,,469,,111,,,
,,,,,,,,,470,,102,,,
,,,,,,,,,471,,115,,,
,,,,,,,,,472,,106,,,
,,,,,,,,,473,,87,,,
,,,,,,,,,474,,101,,,
,,,,,,,,,475,,89,,,
,,,,,,,,,476,,136,,,
,,,,,,,,,477,,133,,,
,,,,,,,,,478,,103,,,
,,,,,,,,,479,,98,,,
,,,,,,,,,480,,116,,,
,,,,,,,,,481,,92,,,
,,,,,,,,,482,,127,,,
,,,,,,,,,483,,129,,,
,,,,,,,,,484,,117,,,
,,,,,,,,,485,,119,,,
,,,,,,,,,486,,124,,,
,,,,,,,,,487,,102,,,
,,,,,,,,,488,,116,,,
,,,,,,,,,489,,106,,,
,,,,,,,,,490,,123,,,
,,,,,,,,,491,,102,,,
,,,,,,,,,492,,108,,,
,,,,,,,,,493,,118,,,
,,,,,,,,,494,,103,,,
,,,,,,,,,495,,116,,,
,,,,,,,,,496,,109,,,
,,,,,,,,,497,,117,,,
,,,,,,,,,498,,112,,,
,,,,,,,,,499,,114,,,
,,,,,,,,,500,,88,,,
,,,,,,,,,501,,93,,,
,,,,,,,,,502,,94,,,
,,,,,,,,,503,,97,,,
,,,,,,,,,504,,108,,,
,,,,,,,,,505,,120,,,
,,,,,,,,,506,,101,,,
,,,,,,,,,507,,128,,,
,,,,,,,,,508,,96,,,
,,,,,,,,,509,,96,,,
,,,,,,,,,510,,102,,,
,,,,,,,,,511,,118,,,
,,,,,,,,,512,,107,,,
,,,,,,,,,513,,96,,,
,,,,,,,,,514,,124,,,
,,,,,,,,,515,,90,,,
,,,,,,,,,516,,101,,,
,,,,,,,,,517,,115,,,
,,,,,,,,,518,,112,,,
,,,,,,,,,519,,114,,,
,,,,,,,,,520,,102,,,
,,,,,,,,,521,,103,,,
,,,,,,,,,522,,111,,,
,,,,,,,,,523,,101,,,
,,,,,,,,,524,,96,,,
,,,,,,,,,525,,91,,,
,,,,,,,,,526,,127,,,
,,,,,,,,,527,,103,,,
,,,,,,,,,528,,94,,,
,,,,,,,,,529,,104,,,
,,,,,,,,,530,,134,,,
,,,,,,,,,531,,115,,,
,,,,,,,,,532,,101,,,
,,,,,,,,,533,,100,,,
,,,,,,,,,534,,115,,,
,,,,,,,,,535,,92,,,
,,,,,,,,,536,,92,,,
,,,,,,,,,537,,100,,,
,,,,,,,,,538,,114,,,
,,,,,,,,,539,,114,,,
,,,,,,,,,540,,109,,,
,,,,,,,,,541,,122,,,
,,,,,,,,,542,,118,,,
,,,,,,,,,543,,95,,,
,,,,,,,,,544,,114,,,
,,,,,,,,,545,,125,,,
,,,,,,,,,546,,96,,,
,,,,,,,,,547,,119,,,
,,,,,,,,,548,,97,,,
,,,,,,,,,549,,115,,,
,,,,,,,,,550,,109,,,
,,,,,,,,,551,,112,,,
,,,,,,,,,552,,118,,,
,,,,,,,,,553,,108,,,
,,,,,,,,,554,,117,,,
,,,,,,,,,555,,111,,,
,,,,,,,,,556,,108,,,
,,,,,,,,,557,,104,,,
,,,,,,,,,558,,110,,,
,,,,,,,,,559,,119,,,
,,,,,,,,,560,,128,,,
,,,,,,,,,561,,107,,,
,,,,,,,,,562,,105,,,
,,,,,,,,,563,,109,,,
,,,,,,,,,564,,108,,,
,,,,,,,,,565,,123,,,
,,,,,,,,,566,,115,,,
,,,,,,,,,567,,115,,,
,,,,,,,,,568,,113,,,
,,,,,,,,,569,,110,,,
,,,,,,,,,570,,96,,,
,,,,,,,,,571,,106,,,
,,,,,,,,,572,,120,,,
,,,,,,,,,573,,110,,,
,,,,,,,,,574,,101,,,
,,,,,,,,,575,,125,,,
,,,,,,,,,576,,102,,,
,,,,,,,,,577,,128,,,
,,,,,,,,,578,,111,,,
,,,,,,,,,579,,124,,,
,,,,,,,,,580,,109,,,
,,,,,,,,,581,,100,,,
,,,,,,,,,582,,122,,,
,,,,,,,,,583,,100,,,
,,,,,,,,,584,,128,,,
,,,,,,,,,585,,107,,,
,,,,,,,,,586,,120,,,
,,,,,,,,,587,,114,,,
,,,,,,,,,588,,110,,,
,,,,,,,,,589,,105,,,
,,,,,,,,,590,,113,,,
,,,,,,,,,591,,123,,,
,,,,,,,,,592,,93,,,
,,,,,,,,,593,,100,,,
,,,,,,,,,594,,111,,,
,,,,,,,,,595,,102,,,
,,,,,,,,,596,,102,,,
,,,,,,,,,597,,126,,,
,,,,,,,,,598,,109,,,
,,,,,,,,,599,,100,,,
,,,,,,,,,600,,108,,,
,,,,,,,,,601,,90,,,
,,,,,,,,,602,,92,,,
,,,,,,,,,603,,101,,,
,,,,,,,,,604,,99,,,
,,,,,,,,,605,,103,,,
,,,,,,,,,606,,131,,,
,,,,,,,,,607,,97,,,
,,,,,,,,,608,,121,,,
,,,,,,,,,609,,108,,,
,,,,,,,,,610,,107,,,
,,,,,,,,,611,,118,,,
,,,,,,,,,612,,107,,,
,,,,,,,,,613,,119,,,
,,,,,,,,,614,,92,,,
,,,,,,,,,615,,105,,,
,,,,,,,,,616,,111,,,
,,,,,,,,,617,,118,,,
,,,,,,,,,618,,107,,,
,,,,,,,,,619,,125,,,
,,,,,,,,,620,,112,,,
,,,,,,,,,621,,109,,,
,,,,,,,,,622,,114,,,
,,,,,,,,,623,,123,,,
,,,,,,,,,624,,101,,,
,,,,,,,,,625,,112,,,
,,,,,,,,,626,,113,,,
,,,,,,,,,627,,113,,,
,,,,,,,,,628,,106,,,
,,,,,,,,,629,,106,,,
,,,,,,,,,630,,113,,,
,,,,,,,,,631,,97,,,
,,,,,,,,,632,,116,,,
,,,,,,,,,633,,115,,,
,,,,,,,,,634,,104,,,
,,,,,,,,,635,,90,,,
,,,,,,,,,636,,90,,,
,,,,,,,,,637,,117,,,
,,,,,,,,,638,,85,,,
,,,,,,,,,639,,102,,,
,,,,,,,,,640,,110,,,
,,,,,,,,,641,,108,,,
,,,,,,,,,642,,117,,,
,,,,,,,,,643,,114,,,
,,,,,,,,,644,,118,,,
,,,,,,,,,645,,107,,,
,,,,,,,,,646,,106,,,
,,,,,,,,,647,,112,,,
,,,,,,,,,648,,104,,,
,,,,,,,,,649,,109,,,
,,,,,,,,,650,,122,,,
,,,,,,,,,651,,103,,,
,,,,,,,,,652,,105,,,
,,,,,,,,,653,,98,,,
,,,,,,,,,654,,104,,,
,,,,,,,,,655,,101,,,
,,,,,,,,,656,,113,,,
,,,,,,,,,657,,129,,,
,,,,,,,,,658,,111,,,
,,,,,,,,,659,,95,,,
,,,,,,,,,660,,87,,,
,,,,,,,,,661,,125,,,
,,,,,,,,,662,,106,,,
,,,,,,,,,663,,99,,,
,,,,,,,,,664,,110,,,
,,,,,,,,,665,,120,,,
,,,,,,,,,666,,108,,,
,,,,,,,,,667,,114,,,
,,,,,,,,,668,,97,,,
,,,,,,,,,669,,126,,,
,,,,,,,,,670,,104,,,
,,,,,,,,,671,,114,,,
,,,,,,,,,672,,110,,,
,,,,,,,,,673,,126,,,
,,,,,,,,,674,,85,,,
,,,,,,,,,675,,113,,,
,,,,,,,,,676,,117,,,
,,,,,,,,,677,,117,,,
,,,,,,,,,678,,100,,,
,,,,,,,,,679,,126,,,
,,,,,,,,,680,,110,,,
,,,,,,,,,681,,120,,,
,,,,,,,,,682,,113,,,
,,,,,,,,,683,,114,,,
,,,,,,,,,684,,126,,,
,,,,,,,,,685,,114,,,
,,,,,,,,,686,,102,,,
,,,,,,,,,687,,119,,,
,,,,,,,,,688,,106,,,
,,,,,,,,,689,,115,,,
,,,,,,,,,690,,98,,,
,,,,,,,,,691,,92,,,
,,,,,,,,,692,,113,,,
,,,,,,,,,693,,118,,,
,,,,,,,,,694,,112,,,
,,,,,,,,,695,,108,,,
,,,,,,,,,696,,100,,,
,,,,,,,,,697,,114,,,
,,,,,,,,,698,,99,,,
,,,,,,,,,699,,103,,,
,,,,,,,,,700,,108,,,
,,,,,,,,,701,,104,,,
,,,,,,,,,702,,112,,,
,,,,,,,,,703,,100,,,
,,,,,,,,,704,,109,,,
,,,,,,,,,705,,103,,,
,,,,,,,,,706,,107,,,
,,,,,,,,,707,,104,,,
,,,,,,,,,708,,99,,,
,,,,,,,,,709,,93,,,
,,,,,,,,,710,,109,,,
,,,,,,,,,711,,103,,,
,,,,,,,,,712,,98,,,
,,,,,,,,,713,,105,,,
,,,,,,,,,714,,119,,,
,,,,,,,,,715,,111,,,
,,,,,,,,,716,,106,,,
,,,,,,,,,717,,97,,,
,,,,,,,,,718,,119,,,
,,,,,,,,,719,,102,,,
,,,,,,,,,720,,101,,,
,,,,,,,,,721,,95,,,
,,,,,,,,,722,,129,,,
,,,,,,,,,723,,111,,,
,,,,,,,,,724,,97,,,
,,,,,,,,,725,,102,,,
,,,,,,,,,726,,108,,,
,,,,,,,,,727,,103,,,
,,,,,,,,,728,,108,,,
,,,,,,,,,729,,114,,,
,,,,,,,,,730,,98,,,
,,,,,,,,,731,,135,,,
,,,,,,,,,732,,114,,,
,,,,,,,,,733,,111,,,
,,,,,,,,,734,,102,,,
,,,,,,,,,735,,106,,,
,,,,,,,,,736,,109,,,
,,,,,,,,,737,,113,,,
,,,,,,,,,738,,108,,,
,,,,,,,,,739,,87,,,
,,,,,,,,,740,,116,,,
,,,,,,,,,741,,116,,,
,,,,,,,,,742,,97,,,
,,,,,,,,,743,,120,,,
,,,,,,,,,744,,118,,,
,,,,,,,,,745,,129,,,
,,,,,,,,,746,,104,,,
,,,,,,,,,747,,106,,,
,,,,,,,,,748,,109,,,
,,,,,,,,,749,,109,,,
,,,,,,,,,750,,101,,,
,,,,,,,,,751,,108,,,
,,,,,,,,,752,,121,,,
,,,,,,,,,753,,113,,,
,,,,,,,,,754,,141,,,
,,,,,,,,,755,,108,,,
,,,,,,,,,756,,97,,,
,,,,,,,,,757,,101,,,
,,,,,,,,,758,,113,,,
,,,,,,,,,759,,118,,,
,,,,,,,,,760,,100,,,
,,,,,,,,,761,,128,,,
,,,,,,,,,762,,118,,,
,,,,,,,,,763,,103,,,
,,,,,,,,,764,,98,,,
,,,,,,,,,765,,103,,,
,,,,,,,,,766,,118,,,
,,,,,,,,,767,,90,,,
,,,,,,,,,768,,108,,,
,,,,,,,,,769,,95,,,
,,,,,,,,,770,,101,,,
,,,,,,,,,771,,116,,,
,,,,,,,,,772,,124,,,
,,,,,,,,,773,,120,,,
,,,,,,,,,774,,112,,,
,,,,,,,,,775,,116,,,
,,,,,,,,,776,,102,,,
,,,,,,,,,777,,99,,,
,,,,,,,,,778,,120,,,
,,,,,,,,,779,,125,,,
,,,,,,,,,780,,111,,,
,,,,,,,,,781,,106,,,
,,,,,,,,,782,,112,,,
,,,,,,,,,783,,123,,,
,,,,,,,,,784,,108,,,
,,,,,,,,,785,,103,,,
,,,,,,,,,786,,108,,,
,,,,,,,,,787,,109,,,
,,,,,,,,,788,,129,,,
,,,,,,,,,789,,107,,,
,,,,,,,,,790,,119,,,
,,,,,,,,,791,,98,,,
,,,,,,,,,792,,117,,,
,,,,,,,,,793,,105,,,
,,,,,,,,,794,,100,,,
,,,,,,,,,795,,127,,,
,,,,,,,,,796,,110,,,
,,,,,,,,,797,,99,,,
,,,,,,,,,798,,102,,,
,,,,,,,,,799,,101,,,
,,,,,,,,,800,,114,,,
,,,,,,,,,801,,112,,,
,,,,,,,,,802,,114,,,
,,,,,,,,,803,,107,,,
,,,,,,,,,804,,111,,,
,,,,,,,,,805,,91,,,
,,,,,,,,,806,,122,,,
,,,,,,,,,807,,103,,,
,,,,,,,,,808,,96,,,
,,,,,,,,,809,,98,,,
,,,,,,,,,810,,101,,,
,,,,,,,,,811,,109,,,
,,,,,,,,,812,,113,,,
,,,,,,,,,813,,108,,,
,,,,,,,,,814,,116,,,
,,,,,,,,,815,,113,,,
,,,,,,,,,816,,87,,,
,,,,,,,,,817,,108,,,
,,,,,,,,,818,,114,,,
,,,,,,,,,819,,105,,,
,,,,,,,,,820,,105,,,
,,,,,,,,,821,,110,,,
,,,,,,,,,822,,117,,,
,,,,,,,,,823,,93,,,
,,,,,,,,,824,,91,,,
,,,,,,,,,825,,126,,,
,,,,,,,,,826,,80,,,
,,,,,,,,,827,,116,,,
,,,,,,,,,828,,119,,,
,,,,,,,,,829,,133,,,
,,,,,,,,,830,,144,,,
,,,,,,,,,831,,93,,,
,,,,,,,,,832,,108,,,
,,,,,,,,,833,,121,,,
,,,,,,,,,834,,103,,,
,,,,,,,,,835,,126,,,
,,,,,,,,,836,,104,,,
,,,,,,,,,837,,111,,,
,,,,,,,,,838,,121,,,
,,,,,,,,,839,,100,,,
,,,,,,,,,840,,118,,,
,,,,,,,,,841,,104,,,
,,,,,,,,,842,,115,,,
,,,,,,,,,843,,122,,,
,,,,,,,,,844,,100,,,
,,,,,,,,,845,,114,,,
,,,,,,,,,846,,102,,,
,,,,,,,,,847,,98,,,
,,,,,,,,,848,,119,,,
,,,,,,,,,849,,122,,,
,,,,,,,,,850,,94,,,
,,,,,,,,,851,,118,,,
,,,,,,,,,852,,142,,,
,,,,,,,,,853,,116,,,
,,,,,,,,,854,,122,,,
,,,,,,,,,855,,103,,,
,,,,,,,,,856,,108,,,
,,,,,,,,,857,,115,,,
,,,,,,,,,858,,114,,,
,,,,,,,,,859,,121,,,
,,,,,,,,,860,,116,,,
,,,,,,,,,861,,116,,,
,,,,,,,,,862,,95,,,
,,,,,,,,,863,,99,,,
,,,,,,,,,864,,97,,,
,,,,,,,,,865,,116,,,
,,,,,,,,,866,,126,,,
,,,,,,,,,867,,116,,,
,,,,,,,,,868,,116,,,
,,,,,,,,,869,,109,,,
,,,,,,,,,870,,111,,,
,,,,,,,,,871,,120,,,
,,,,,,,,,872,,100,,,
,,,,,,,,,873,,96,,,
,,,,,,,,,874,,114,,,
,,,,,,,,,875,,108,,,
,,,,,,,,,876,,120,,,
